needed size,max k,alpha,unknownId,classification(count)(average position),pearson,isoId,species
8,372,0.950,PH-5,Cow(4)(241.500000),0.993,Dg-031,Coyote
8,372,0.950,PH-5,Cow(4)(241.500000),0.993,Cw-1792,Cow
8,372,0.950,PH-5,Cow(4)(241.500000),0.991,Ct-088,Mountain Lion
8,372,0.950,PH-5,Cow(4)(241.500000),0.990,Cw-1223,Cow
8,372,0.950,PH-5,Cow(4)(241.500000),0.989,Ho-049,Horse
8,372,0.950,PH-5,Cow(4)(241.500000),0.988,Op-003,Opossum
8,372,0.950,PH-5,Cow(4)(241.500000),0.988,Cw-1263,Cow
8,372,0.950,PH-5,Cow(4)(241.500000),0.987,Cw-1266,Cow
