k,alpha,unknownId,classification,pearson,isoId,species
7,0.980,PH-6,Hu(7)(4.000000),0.992,Pp-057,Hu
7,0.980,PH-6,Hu(7)(4.000000),0.992,Pp-042,Hu
7,0.980,PH-6,Hu(7)(4.000000),0.992,Pp-045,Hu
7,0.980,PH-6,Hu(7)(4.000000),0.991,Pp-031,Hu
7,0.980,PH-6,Hu(7)(4.000000),0.991,Pp-034,Hu
7,0.980,PH-6,Hu(7)(4.000000),0.991,Pp-051,Hu
7,0.980,PH-6,Hu(7)(4.000000),0.991,Pp-033,Hu
