k,alpha,unknownId,classification,pearson,isoId,species
4,0.000,PH-023,Cow(5)(3.000000),0.993,Pp-126,Cw
4,0.000,PH-023,Cow(5)(3.000000),0.989,Cw-1271,Cow
4,0.000,PH-023,Cow(5)(3.000000),0.993,Ho-018,Horse
4,0.000,PH-023,Cow(5)(3.000000),0.987,Hu-2006,Human
4,0.000,PH-023,Cow(5)(3.000000),0.992,Cw-1543,Cow
4,0.000,PH-023,Cow(5)(3.000000),0.986,Cw-1277,Cow
4,0.000,PH-023,Cow(5)(3.000000),0.992,Cw-1324,Cow
4,0.000,PH-023,Cow(5)(3.000000),0.986,Cw-1327,Cow
