k,alpha,unknownId,classification,pearson,isoId,species
3,0.000,PH-017,Cow(2)(1.500000),0.991,Cw-1271,Cow
3,0.000,PH-017,Cow(2)(1.500000),0.979,Pp-126,Cw
3,0.000,PH-017,Cow(2)(1.500000),0.990,Hu-2006,Human
3,0.000,PH-017,Cow(2)(1.500000),0.978,Cw-1543,Cow
3,0.000,PH-017,Cow(2)(1.500000),0.989,Hu-2003,Human
3,0.000,PH-017,Cow(2)(1.500000),0.978,Ho-018,Horse
