k,alpha,unknownId,classification,pearson,isoId,species
3,0.950,PH-022,Cow(2)(2.000000),0.993,Cw-1271,Cow
3,0.950,PH-022,Cow(2)(2.000000),0.985,Pp-126,Cw
3,0.950,PH-022,Cow(2)(2.000000),0.992,Hu-2006,Human
3,0.950,PH-022,Cow(2)(2.000000),0.985,Pg-078,Pigeon
3,0.950,PH-022,Cow(2)(2.000000),0.991,Hu-2003,Human
3,0.950,PH-022,Cow(2)(2.000000),0.985,Cw-1593,Cow
