k,alpha,unknownId,classification,pearson,isoId,species
4,0.000,PH-022,Cow(3)(2.666667),0.993,Cw-1271,Cow
4,0.000,PH-022,Cow(3)(2.666667),0.985,Pp-126,Cw
4,0.000,PH-022,Cow(3)(2.666667),0.992,Hu-2006,Human
4,0.000,PH-022,Cow(3)(2.666667),0.985,Pg-078,Pigeon
4,0.000,PH-022,Cow(3)(2.666667),0.991,Hu-2003,Human
4,0.000,PH-022,Cow(3)(2.666667),0.985,Cw-1593,Cow
4,0.000,PH-022,Cow(3)(2.666667),0.991,Cw-1327,Cow
4,0.000,PH-022,Cow(3)(2.666667),0.984,Ho-010,Horse
