k,alpha,unknownId,classification,pearson,isoId,species
3,0.980,PH-028,Cow(3)(1.666667),0.992,Cw-1271,Cow
3,0.980,PH-028,Cow(3)(1.666667),0.991,Cw-1593,Cow
3,0.980,PH-028,Cow(3)(1.666667),0.991,Pg-078,Pigeon
3,0.980,PH-028,Cow(3)(1.666667),0.990,Hu-2006,Human
3,0.980,PH-028,Cow(3)(1.666667),0.990,Pg-075,Pigeon
3,0.980,PH-028,Cow(3)(1.666667),0.989,Cw-1277,Cow
