k,alpha,unknownId,classification,pearson,isoId,species
4,0.950,PH-025,Cow(3)(2.666667),0.993,Cw-1271,Cow
4,0.950,PH-025,Cow(3)(2.666667),0.987,Pp-126,Cw
4,0.950,PH-025,Cow(3)(2.666667),0.993,Hu-2006,Human
4,0.950,PH-025,Cow(3)(2.666667),0.986,Ho-010,Horse
4,0.950,PH-025,Cow(3)(2.666667),0.992,Hu-2003,Human
4,0.950,PH-025,Cow(3)(2.666667),0.985,Cw-1534,Cow
4,0.950,PH-025,Cow(3)(2.666667),0.992,Cw-1327,Cow
4,0.950,PH-025,Cow(3)(2.666667),0.985,Pg-078,Pigeon
