k,alpha,unknownId,classification,pearson,isoId,species
4,0.500,PH-014,Cow(3)(2.333333),0.990,Cw-1271,Cow
4,0.500,PH-014,Cow(3)(2.333333),0.983,Pg-078,Pigeon
4,0.500,PH-014,Cow(3)(2.333333),0.989,Hu-2006,Human
4,0.500,PH-014,Cow(3)(2.333333),0.982,Cw-1593,Cow
4,0.500,PH-014,Cow(3)(2.333333),0.988,Hu-2003,Human
4,0.500,PH-014,Cow(3)(2.333333),0.982,Pg-075,Pigeon
4,0.500,PH-014,Cow(3)(2.333333),0.987,Cw-1327,Cow
4,0.500,PH-014,Cow(3)(2.333333),0.981,Pp-126,Cw
