k,alpha,unknownId,classification,pearson,isoId,species
3,0.900,PH-031,Cow(3)(2.000000),0.994,Cw-1271,Cow
3,0.900,PH-031,Cow(3)(2.000000),0.988,Pg-078,Pigeon
3,0.900,PH-031,Cow(3)(2.000000),0.992,Hu-2006,Human
3,0.900,PH-031,Cow(3)(2.000000),0.987,Cw-1593,Cow
3,0.900,PH-031,Cow(3)(2.000000),0.991,Cw-1277,Cow
3,0.900,PH-031,Cow(3)(2.000000),0.987,Pg-075,Pigeon
