k,alpha,unknownId,classification,pearson,isoId,species
4,0.950,PH-6,Cow(4)(2.500000),0.992,Pp-057,Hu
4,0.950,PH-6,Cow(4)(2.500000),0.979,Cw-385,Cow
4,0.950,PH-6,Cow(4)(2.500000),0.992,Pp-042,Hu
4,0.950,PH-6,Cow(4)(2.500000),0.976,Cw-1424,Cow
4,0.950,PH-6,Cow(4)(2.500000),0.992,Pp-045,Hu
4,0.950,PH-6,Cow(4)(2.500000),0.976,Cw-455,Cow
4,0.950,PH-6,Cow(4)(2.500000),0.991,Pp-031,Hu
4,0.950,PH-6,Cow(4)(2.500000),0.975,Cw-100,Cow
