k,alpha,unknownId,classification,pearson,isoId,species
3,0.500,PH-011,Cow(3)(2.000000),0.993,Cw-1271,Cow
3,0.500,PH-011,Cow(3)(2.000000),0.988,Pg-078,Pigeon
3,0.500,PH-011,Cow(3)(2.000000),0.991,Hu-2006,Human
3,0.500,PH-011,Cow(3)(2.000000),0.987,Cw-1593,Cow
3,0.500,PH-011,Cow(3)(2.000000),0.990,Cw-1327,Cow
3,0.500,PH-011,Cow(3)(2.000000),0.987,Pg-075,Pigeon
