k,alpha,unknownId,classification,pearson,isoId,species
4,0.980,PH-028,Cow(3)(1.666667),0.992,Cw-1271,Cow
4,0.980,PH-028,Cow(3)(1.666667),0.991,Cw-1593,Cow
4,0.980,PH-028,Cow(3)(1.666667),0.991,Pg-078,Pigeon
4,0.980,PH-028,Cow(3)(1.666667),0.990,Hu-2006,Human
4,0.980,PH-028,Cow(3)(1.666667),0.990,Pg-075,Pigeon
4,0.980,PH-028,Cow(3)(1.666667),0.989,Cw-1277,Cow
4,0.980,PH-028,Cow(3)(1.666667),0.990,Pp-126,Cw
4,0.980,PH-028,Cow(3)(1.666667),0.989,Hu-2003,Human
