k,alpha,unknownId,classification,pearson,isoId,species
4,0.500,PH-017,Cow(3)(2.333333),0.991,Cw-1271,Cow
4,0.500,PH-017,Cow(3)(2.333333),0.979,Pp-126,Cw
4,0.500,PH-017,Cow(3)(2.333333),0.990,Hu-2006,Human
4,0.500,PH-017,Cow(3)(2.333333),0.978,Cw-1543,Cow
4,0.500,PH-017,Cow(3)(2.333333),0.989,Hu-2003,Human
4,0.500,PH-017,Cow(3)(2.333333),0.978,Ho-018,Horse
4,0.500,PH-017,Cow(3)(2.333333),0.989,Cw-1327,Cow
4,0.500,PH-017,Cow(3)(2.333333),0.977,Ho-010,Horse
