k,alpha,unknownId,classification,pearson,isoId,species
3,0.500,PH-029,Cow(2)(2.000000),0.990,Cw-1271,Cow
3,0.500,PH-029,Cow(2)(2.000000),0.988,Pp-126,Cw
3,0.500,PH-029,Cow(2)(2.000000),0.988,Hu-2006,Human
3,0.500,PH-029,Cow(2)(2.000000),0.987,Ho-010,Horse
3,0.500,PH-029,Cow(2)(2.000000),0.987,Pg-078,Pigeon
3,0.500,PH-029,Cow(2)(2.000000),0.987,Cw-1277,Cow
