k,alpha,unknownId,classification,pearson,isoId,species
8,0.990,PH-022,Human(5)(5.200000),0.993,Cw-1271,Cow
8,0.990,PH-022,Human(5)(5.200000),0.992,Hu-2006,Human
8,0.990,PH-022,Human(5)(5.200000),0.991,Hu-2003,Human
8,0.990,PH-022,Human(5)(5.200000),0.991,Cw-1327,Cow
8,0.990,PH-022,Human(5)(5.200000),0.991,Cw-1277,Cow
8,0.990,PH-022,Human(5)(5.200000),0.991,Hu-1994,Human
8,0.990,PH-022,Human(5)(5.200000),0.991,Hu-2002,Human
8,0.990,PH-022,Human(5)(5.200000),0.990,Hu-2005,Human
