k,alpha,unknownId,classification,pearson,isoId,species
3,0.980,PH-026,Cow(3)(2.333333),0.991,Cw-1271,Cow
3,0.980,PH-026,Cow(3)(2.333333),0.984,Pp-126,Cw
3,0.980,PH-026,Cow(3)(2.333333),0.989,Hu-2006,Human
3,0.980,PH-026,Cow(3)(2.333333),0.983,Ho-010,Horse
3,0.980,PH-026,Cow(3)(2.333333),0.989,Cw-1277,Cow
3,0.980,PH-026,Cow(3)(2.333333),0.983,Cw-1534,Cow
