k,alpha,unknownId,classification,pearson,isoId,species
4,0.000,PH-031,Cow(3)(2.000000),0.994,Cw-1271,Cow
4,0.000,PH-031,Cow(3)(2.000000),0.988,Pg-078,Pigeon
4,0.000,PH-031,Cow(3)(2.000000),0.992,Hu-2006,Human
4,0.000,PH-031,Cow(3)(2.000000),0.987,Cw-1593,Cow
4,0.000,PH-031,Cow(3)(2.000000),0.991,Cw-1277,Cow
4,0.000,PH-031,Cow(3)(2.000000),0.987,Pg-075,Pigeon
4,0.000,PH-031,Cow(3)(2.000000),0.991,Hu-2003,Human
4,0.000,PH-031,Cow(3)(2.000000),0.986,Pg-076,Pigeon
