k,alpha,unknownId,classification,pearson,isoId,species
4,0.500,PH-030,Cow(3)(2.333333),0.994,Cw-1271,Cow
4,0.500,PH-030,Cow(3)(2.333333),0.990,Pg-078,Pigeon
4,0.500,PH-030,Cow(3)(2.333333),0.993,Hu-2006,Human
4,0.500,PH-030,Cow(3)(2.333333),0.990,Cw-1593,Cow
4,0.500,PH-030,Cow(3)(2.333333),0.992,Hu-2003,Human
4,0.500,PH-030,Cow(3)(2.333333),0.989,Pg-075,Pigeon
4,0.500,PH-030,Cow(3)(2.333333),0.992,Cw-1277,Cow
4,0.500,PH-030,Cow(3)(2.333333),0.988,Pg-076,Pigeon
