k,alpha,unknownId,classification,pearson,isoId,species
4,0.980,PH-018,Cow(3)(1.666667),0.995,Cw-1271,Cow
4,0.980,PH-018,Cow(3)(1.666667),0.995,Cw-1534,Cow
4,0.980,PH-018,Cow(3)(1.666667),0.995,Hu-2006,Human
4,0.980,PH-018,Cow(3)(1.666667),0.994,Pg-078,Pigeon
4,0.980,PH-018,Cow(3)(1.666667),0.994,Ho-010,Horse
4,0.980,PH-018,Cow(3)(1.666667),0.994,Cw-1277,Cow
4,0.980,PH-018,Cow(3)(1.666667),0.994,Pp-126,Cw
4,0.980,PH-018,Cow(3)(1.666667),0.994,Hu-2003,Human
