k,alpha,unknownId,classification,pearson,isoId,species
3,0.000,PH-025,Cow(2)(2.000000),0.993,Cw-1271,Cow
3,0.000,PH-025,Cow(2)(2.000000),0.987,Pp-126,Cw
3,0.000,PH-025,Cow(2)(2.000000),0.993,Hu-2006,Human
3,0.000,PH-025,Cow(2)(2.000000),0.986,Ho-010,Horse
3,0.000,PH-025,Cow(2)(2.000000),0.992,Hu-2003,Human
3,0.000,PH-025,Cow(2)(2.000000),0.985,Cw-1534,Cow
