k,alpha,unknownId,classification,pearson,isoId,species
7,0.990,PH-023,Cow(2)(3.500000),0.993,Pp-126,Cw
7,0.990,PH-023,Cow(2)(3.500000),0.993,Ho-018,Horse
7,0.990,PH-023,Cow(2)(3.500000),0.992,Cw-1543,Cow
7,0.990,PH-023,Cow(2)(3.500000),0.992,Cw-1324,Cow
7,0.990,PH-023,Cow(2)(3.500000),0.992,Tk-048,Wild Turkey
7,0.990,PH-023,Cow(2)(3.500000),0.992,Ho-010,Horse
7,0.990,PH-023,Cow(2)(3.500000),0.992,Pg-104,Pigeon
