k,alpha,unknownId,classification,pearson,isoId,species
4,0.950,PH-026,Cow(3)(2.333333),0.991,Cw-1271,Cow
4,0.950,PH-026,Cow(3)(2.333333),0.984,Pp-126,Cw
4,0.950,PH-026,Cow(3)(2.333333),0.989,Hu-2006,Human
4,0.950,PH-026,Cow(3)(2.333333),0.983,Ho-010,Horse
4,0.950,PH-026,Cow(3)(2.333333),0.989,Cw-1277,Cow
4,0.950,PH-026,Cow(3)(2.333333),0.983,Cw-1534,Cow
4,0.950,PH-026,Cow(3)(2.333333),0.987,Hu-2003,Human
4,0.950,PH-026,Cow(3)(2.333333),0.983,Pg-078,Pigeon
