k,alpha,unknownId,classification,pearson,isoId,species
3,0.500,PH-023,Cow(3)(2.333333),0.993,Pp-126,Cw
3,0.500,PH-023,Cow(3)(2.333333),0.989,Cw-1271,Cow
3,0.500,PH-023,Cow(3)(2.333333),0.993,Ho-018,Horse
3,0.500,PH-023,Cow(3)(2.333333),0.987,Hu-2006,Human
3,0.500,PH-023,Cow(3)(2.333333),0.992,Cw-1543,Cow
3,0.500,PH-023,Cow(3)(2.333333),0.986,Cw-1277,Cow
