k,alpha,unknownId,classification,pearson,isoId,species
3,0.900,PH-018,Cow(3)(1.666667),0.995,Cw-1271,Cow
3,0.900,PH-018,Cow(3)(1.666667),0.995,Cw-1534,Cow
3,0.900,PH-018,Cow(3)(1.666667),0.995,Hu-2006,Human
3,0.900,PH-018,Cow(3)(1.666667),0.994,Pg-078,Pigeon
3,0.900,PH-018,Cow(3)(1.666667),0.994,Ho-010,Horse
3,0.900,PH-018,Cow(3)(1.666667),0.994,Cw-1277,Cow
