k,alpha,unknownId,classification,pearson,isoId,species
7,0.990,PH-022,Human(4)(4.500000),0.993,Cw-1271,Cow
7,0.990,PH-022,Human(4)(4.500000),0.992,Hu-2006,Human
7,0.990,PH-022,Human(4)(4.500000),0.991,Hu-2003,Human
7,0.990,PH-022,Human(4)(4.500000),0.991,Cw-1327,Cow
7,0.990,PH-022,Human(4)(4.500000),0.991,Cw-1277,Cow
7,0.990,PH-022,Human(4)(4.500000),0.991,Hu-1994,Human
7,0.990,PH-022,Human(4)(4.500000),0.991,Hu-2002,Human
