k,alpha,unknownId,classification,pearson,isoId,species
3,0.950,PH-024,Cow(3)(2.000000),0.990,Pg-078,Pigeon
3,0.950,PH-024,Cow(3)(2.000000),0.989,Cw-1271,Cow
3,0.950,PH-024,Cow(3)(2.000000),0.990,Cw-1593,Cow
3,0.950,PH-024,Cow(3)(2.000000),0.988,Hu-2006,Human
3,0.950,PH-024,Cow(3)(2.000000),0.989,Pg-075,Pigeon
3,0.950,PH-024,Cow(3)(2.000000),0.987,Cw-1327,Cow
