k,alpha,unknownId,classification,pearson,isoId,species
4,0.900,PH-029,Cow(3)(2.666667),0.990,Cw-1271,Cow
4,0.900,PH-029,Cow(3)(2.666667),0.988,Pp-126,Cw
4,0.900,PH-029,Cow(3)(2.666667),0.988,Hu-2006,Human
4,0.900,PH-029,Cow(3)(2.666667),0.987,Ho-010,Horse
4,0.900,PH-029,Cow(3)(2.666667),0.987,Pg-078,Pigeon
4,0.900,PH-029,Cow(3)(2.666667),0.987,Cw-1277,Cow
4,0.900,PH-029,Cow(3)(2.666667),0.987,Cw-1534,Cow
4,0.900,PH-029,Cow(3)(2.666667),0.987,Hu-2003,Human
