k,alpha,unknownId,classification,pearson,isoId,species
8,0.990,PH-023,Cow(3)(5.000000),0.993,Pp-126,Cw
8,0.990,PH-023,Cow(3)(5.000000),0.993,Ho-018,Horse
8,0.990,PH-023,Cow(3)(5.000000),0.992,Cw-1543,Cow
8,0.990,PH-023,Cow(3)(5.000000),0.992,Cw-1324,Cow
8,0.990,PH-023,Cow(3)(5.000000),0.992,Tk-048,Wild Turkey
8,0.990,PH-023,Cow(3)(5.000000),0.992,Ho-010,Horse
8,0.990,PH-023,Cow(3)(5.000000),0.992,Pg-104,Pigeon
8,0.990,PH-023,Cow(3)(5.000000),0.992,Cw-1534,Cow
