k,alpha,unknownId,classification,pearson,isoId,species
4,0.500,PH-024,Cow(3)(2.000000),0.990,Pg-078,Pigeon
4,0.500,PH-024,Cow(3)(2.000000),0.989,Cw-1271,Cow
4,0.500,PH-024,Cow(3)(2.000000),0.990,Cw-1593,Cow
4,0.500,PH-024,Cow(3)(2.000000),0.988,Hu-2006,Human
4,0.500,PH-024,Cow(3)(2.000000),0.989,Pg-075,Pigeon
4,0.500,PH-024,Cow(3)(2.000000),0.987,Cw-1327,Cow
4,0.500,PH-024,Cow(3)(2.000000),0.988,Pp-126,Cw
4,0.500,PH-024,Cow(3)(2.000000),0.986,Hu-2003,Human
