needed size,max k,alpha,unknownId,classification(count)(average position),pearson,isoId,species
8,164,0.500,PH-2,Cow(8)(50.750000),0.991,Cw-1311,Cow
8,164,0.500,PH-2,Cow(8)(50.750000),0.990,Cw-1279,Cow
8,164,0.500,PH-2,Cow(8)(50.750000),0.990,Cw-1266,Cow
8,164,0.500,PH-2,Cow(8)(50.750000),0.990,Cw-1255,Cow
8,164,0.500,PH-2,Cow(8)(50.750000),0.989,Cw-1256,Cow
8,164,0.500,PH-2,Cow(8)(50.750000),0.988,Cw-1299,Cow
8,164,0.500,PH-2,Cow(8)(50.750000),0.988,Cw-1300,Cow
8,164,0.500,PH-2,Cow(8)(50.750000),0.987,Cw-1263,Cow
