needed size,max k,alpha,unknownId,classification(count)(average position),pearson,isoId,species
7,139,0.950,PH-020,Cow(7)(38.857143),0.979,Cw-1277,Cow
7,139,0.950,PH-020,Cow(7)(38.857143),0.978,Cw-1377,Cow
7,139,0.950,PH-020,Cow(7)(38.857143),0.978,Cw-1534,Cow
7,139,0.950,PH-020,Cow(7)(38.857143),0.978,Cw-1278,Cow
7,139,0.950,PH-020,Cow(7)(38.857143),0.977,Cw-1378,Cow
7,139,0.950,PH-020,Cow(7)(38.857143),0.975,Cw-1267,Cow
7,139,0.950,PH-020,Cow(7)(38.857143),0.974,Cw-827,Cow
