needed size,max k,alpha,unknownId,classification(count)(average position),pearson,isoId,species
8,344,0.980,PH-021,Cow(7)(84.571429),0.995,Cw-1277,Cow
8,344,0.980,PH-021,Cow(7)(84.571429),0.995,Cw-1278,Cow
8,344,0.980,PH-021,Cow(7)(84.571429),0.994,Cw-1534,Cow
8,344,0.980,PH-021,Cow(7)(84.571429),0.993,Cw-1377,Cow
8,344,0.980,PH-021,Cow(7)(84.571429),0.990,Cw-827,Cow
8,344,0.980,PH-021,Cow(7)(84.571429),0.988,Cw-1267,Cow
8,344,0.980,PH-021,Cow(7)(84.571429),0.988,Ho-031,Horse
8,344,0.980,PH-021,Cow(7)(84.571429),0.985,Cw-828,Cow
