needed size,max k,alpha,unknownId,classification(count)(average position),pearson,isoId,species
7,130,0.000,PH-024,Cow(6)(34.500000),0.988,Cw-1277,Cow
7,130,0.000,PH-024,Cow(6)(34.500000),0.987,Cw-1534,Cow
7,130,0.000,PH-024,Cow(6)(34.500000),0.986,Cw-1377,Cow
7,130,0.000,PH-024,Cow(6)(34.500000),0.986,Cw-1278,Cow
7,130,0.000,PH-024,Cow(6)(34.500000),0.985,Cw-1378,Cow
7,130,0.000,PH-024,Cow(6)(34.500000),0.985,Ho-023,Horse
7,130,0.000,PH-024,Cow(6)(34.500000),0.982,Cw-827,Cow
