needed size,max k,alpha,unknownId,classification(count)(average position),pearson,isoId,species
7,112,0.900,PH-011,Cow(7)(34.571429),0.985,Cw-1277,Cow
7,112,0.900,PH-011,Cow(7)(34.571429),0.984,Cw-1534,Cow
7,112,0.900,PH-011,Cow(7)(34.571429),0.984,Cw-1377,Cow
7,112,0.900,PH-011,Cow(7)(34.571429),0.984,Cw-1278,Cow
7,112,0.900,PH-011,Cow(7)(34.571429),0.983,Cw-1378,Cow
7,112,0.900,PH-011,Cow(7)(34.571429),0.981,Cw-1267,Cow
7,112,0.900,PH-011,Cow(7)(34.571429),0.980,Cw-827,Cow
