needed size,max k,alpha,unknownId,classification(count)(average position),pearson,isoId,species
6,105,0.980,PH-030,Cow(6)(39.666667),0.987,Cw-1277,Cow
6,105,0.980,PH-030,Cow(6)(39.666667),0.986,Cw-1278,Cow
6,105,0.980,PH-030,Cow(6)(39.666667),0.985,Cw-1377,Cow
6,105,0.980,PH-030,Cow(6)(39.666667),0.985,Cw-1534,Cow
6,105,0.980,PH-030,Cow(6)(39.666667),0.981,Cw-827,Cow
6,105,0.980,PH-030,Cow(6)(39.666667),0.981,Cw-1267,Cow
