needed size,max k,alpha,unknownId,classification(count)(average position),pearson,isoId,species
7,124,0.500,PH-016,Cow(6)(36.166667),0.978,Cw-1277,Cow
7,124,0.500,PH-016,Cow(6)(36.166667),0.978,Cw-1534,Cow
7,124,0.500,PH-016,Cow(6)(36.166667),0.977,Cw-1377,Cow
7,124,0.500,PH-016,Cow(6)(36.166667),0.976,Cw-1378,Cow
7,124,0.500,PH-016,Cow(6)(36.166667),0.976,Cw-1278,Cow
7,124,0.500,PH-016,Cow(6)(36.166667),0.976,Ho-023,Horse
7,124,0.500,PH-016,Cow(6)(36.166667),0.973,Cw-1267,Cow
