needed size,max k,alpha,unknownId,classification(count)(average position),pearson,isoId,species
8,152,0.000,PH-1,Cow(8)(52.000000),0.992,Cw-1311,Cow
8,152,0.000,PH-1,Cow(8)(52.000000),0.991,Cw-1266,Cow
8,152,0.000,PH-1,Cow(8)(52.000000),0.991,Cw-1255,Cow
8,152,0.000,PH-1,Cow(8)(52.000000),0.991,Cw-1299,Cow
8,152,0.000,PH-1,Cow(8)(52.000000),0.990,Cw-1300,Cow
8,152,0.000,PH-1,Cow(8)(52.000000),0.990,Cw-1256,Cow
8,152,0.000,PH-1,Cow(8)(52.000000),0.988,Cw-1263,Cow
8,152,0.000,PH-1,Cow(8)(52.000000),0.984,Cw-1275,Cow
