needed size,max k,alpha,unknownId,classification(count)(average position),pearson,isoId,species
6,111,0.900,PH-011,Cow(6)(35.833333),0.985,Cw-1277,Cow
6,111,0.900,PH-011,Cow(6)(35.833333),0.984,Cw-1534,Cow
6,111,0.900,PH-011,Cow(6)(35.833333),0.984,Cw-1377,Cow
6,111,0.900,PH-011,Cow(6)(35.833333),0.984,Cw-1278,Cow
6,111,0.900,PH-011,Cow(6)(35.833333),0.981,Cw-1267,Cow
6,111,0.900,PH-011,Cow(6)(35.833333),0.980,Cw-827,Cow
