needed size,max k,alpha,unknownId,classification(count)(average position),pearson,isoId,species
8,132,0.500,PH-014,Cow(7)(40.285714),0.980,Cw-1277,Cow
8,132,0.500,PH-014,Cow(7)(40.285714),0.979,Cw-1377,Cow
8,132,0.500,PH-014,Cow(7)(40.285714),0.979,Cw-1534,Cow
8,132,0.500,PH-014,Cow(7)(40.285714),0.978,Cw-1378,Cow
8,132,0.500,PH-014,Cow(7)(40.285714),0.978,Ho-023,Horse
8,132,0.500,PH-014,Cow(7)(40.285714),0.978,Cw-1278,Cow
8,132,0.500,PH-014,Cow(7)(40.285714),0.975,Cw-827,Cow
8,132,0.500,PH-014,Cow(7)(40.285714),0.975,Cw-1267,Cow
