needed size,max k,alpha,unknownId,classification(count)(average position),pearson,isoId,species
7,121,0.950,PH-029,Cow(6)(38.833333),0.987,Cw-1534,Cow
7,121,0.950,PH-029,Cow(6)(38.833333),0.985,Cw-1277,Cow
7,121,0.950,PH-029,Cow(6)(38.833333),0.984,Ho-023,Horse
7,121,0.950,PH-029,Cow(6)(38.833333),0.983,Cw-1278,Cow
7,121,0.950,PH-029,Cow(6)(38.833333),0.983,Cw-1377,Cow
7,121,0.950,PH-029,Cow(6)(38.833333),0.982,Cw-1378,Cow
7,121,0.950,PH-029,Cow(6)(38.833333),0.979,Cw-1267,Cow
