needed size,max k,alpha,unknownId,classification(count)(average position),pearson,isoId,species
7,208,0.980,PH-013,Cow(6)(78.666667),0.991,Cw-1534,Cow
7,208,0.980,PH-013,Cow(6)(78.666667),0.990,Cw-1277,Cow
7,208,0.980,PH-013,Cow(6)(78.666667),0.988,Cw-1377,Cow
7,208,0.980,PH-013,Cow(6)(78.666667),0.987,Cw-1278,Cow
7,208,0.980,PH-013,Cow(6)(78.666667),0.984,Ho-022,Horse
7,208,0.980,PH-013,Cow(6)(78.666667),0.983,Cw-827,Cow
7,208,0.980,PH-013,Cow(6)(78.666667),0.983,Cw-1267,Cow
