needed size,max k,alpha,unknownId,classification(count)(average position),pearson,isoId,species
8,144,0.900,PH-021,Cow(7)(44.714286),0.995,Cw-1277,Cow
8,144,0.900,PH-021,Cow(7)(44.714286),0.995,Cw-1278,Cow
8,144,0.900,PH-021,Cow(7)(44.714286),0.994,Cw-1534,Cow
8,144,0.900,PH-021,Cow(7)(44.714286),0.993,Cw-1377,Cow
8,144,0.900,PH-021,Cow(7)(44.714286),0.992,Ho-023,Horse
8,144,0.900,PH-021,Cow(7)(44.714286),0.991,Cw-1378,Cow
8,144,0.900,PH-021,Cow(7)(44.714286),0.990,Cw-827,Cow
8,144,0.900,PH-021,Cow(7)(44.714286),0.988,Cw-1267,Cow
