needed size,max k,alpha,unknownId,classification(count)(average position),pearson,isoId,species
7,160,0.500,PH-013,Cow(5)(25.400000),0.991,Cw-1534,Cow
7,160,0.500,PH-013,Cow(5)(25.400000),0.990,Cw-1277,Cow
7,160,0.500,PH-013,Cow(5)(25.400000),0.990,Ho-023,Horse
7,160,0.500,PH-013,Cow(5)(25.400000),0.988,Cw-1377,Cow
7,160,0.500,PH-013,Cow(5)(25.400000),0.987,Cw-1278,Cow
7,160,0.500,PH-013,Cow(5)(25.400000),0.987,Cw-1378,Cow
7,160,0.500,PH-013,Cow(5)(25.400000),0.986,Tk-063,Wild Turkey
