needed size,max k,alpha,unknownId,classification(count)(average position),pearson,isoId,species
7,133,0.980,PH-019,Cow(5)(15.600000),0.989,Cw-1277,Cow
7,133,0.980,PH-019,Cow(5)(15.600000),0.989,Cw-1534,Cow
7,133,0.980,PH-019,Cow(5)(15.600000),0.988,Cw-1377,Cow
7,133,0.980,PH-019,Cow(5)(15.600000),0.988,Cw-1278,Cow
7,133,0.980,PH-019,Cow(5)(15.600000),0.987,Cw-1378,Cow
7,133,0.980,PH-019,Cow(5)(15.600000),0.987,Ho-023,Horse
7,133,0.980,PH-019,Cow(5)(15.600000),0.984,Ho-031,Horse
