needed size,max k,alpha,unknownId,classification(count)(average position),pearson,isoId,species
7,124,0.950,PH-012,Cow(7)(66.571429),0.972,Cw-1311,Cow
7,124,0.950,PH-012,Cow(7)(66.571429),0.972,Cw-1266,Cow
7,124,0.950,PH-012,Cow(7)(66.571429),0.971,Cw-1255,Cow
7,124,0.950,PH-012,Cow(7)(66.571429),0.970,Cw-1256,Cow
7,124,0.950,PH-012,Cow(7)(66.571429),0.970,Cw-1263,Cow
7,124,0.950,PH-012,Cow(7)(66.571429),0.970,Cw-1299,Cow
7,124,0.950,PH-012,Cow(7)(66.571429),0.968,Cw-1300,Cow
