needed size,max k,alpha,unknownId,classification(count)(average position),pearson,isoId,species
8,172,0.500,PH-018,Cow(7)(67.428571),0.995,Cw-1534,Cow
8,172,0.500,PH-018,Cow(7)(67.428571),0.993,Cw-1277,Cow
8,172,0.500,PH-018,Cow(7)(67.428571),0.991,Cw-1278,Cow
8,172,0.500,PH-018,Cow(7)(67.428571),0.990,Ho-023,Horse
8,172,0.500,PH-018,Cow(7)(67.428571),0.989,Cw-1377,Cow
8,172,0.500,PH-018,Cow(7)(67.428571),0.987,Cw-1378,Cow
8,172,0.500,PH-018,Cow(7)(67.428571),0.985,Cw-1267,Cow
8,172,0.500,PH-018,Cow(7)(67.428571),0.985,Cw-1195,Cow
