needed size,max k,alpha,unknownId,classification(count)(average position),pearson,isoId,species
6,135,0.500,PH-017,Cow(5)(54.600000),0.977,Cw-1534,Cow
6,135,0.500,PH-017,Cow(5)(54.600000),0.975,Cw-1277,Cow
6,135,0.500,PH-017,Cow(5)(54.600000),0.973,Cw-1377,Cow
6,135,0.500,PH-017,Cow(5)(54.600000),0.972,Cw-1378,Cow
6,135,0.500,PH-017,Cow(5)(54.600000),0.971,Cw-1278,Cow
6,135,0.500,PH-017,Cow(5)(54.600000),0.971,Ho-021,Horse
