needed size,max k,alpha,unknownId,classification(count)(average position),pearson,isoId,species
7,115,0.500,PH-022,Cow(7)(37.571429),0.983,Cw-1277,Cow
7,115,0.500,PH-022,Cow(7)(37.571429),0.983,Cw-1534,Cow
7,115,0.500,PH-022,Cow(7)(37.571429),0.982,Cw-1377,Cow
7,115,0.500,PH-022,Cow(7)(37.571429),0.982,Cw-1378,Cow
7,115,0.500,PH-022,Cow(7)(37.571429),0.981,Cw-1278,Cow
7,115,0.500,PH-022,Cow(7)(37.571429),0.978,Cw-1267,Cow
7,115,0.500,PH-022,Cow(7)(37.571429),0.978,Cw-827,Cow
