needed size,max k,alpha,unknownId,classification(count)(average position),pearson,isoId,species
7,118,0.500,PH-030,Cow(7)(39.857143),0.987,Cw-1277,Cow
7,118,0.500,PH-030,Cow(7)(39.857143),0.986,Cw-1278,Cow
7,118,0.500,PH-030,Cow(7)(39.857143),0.985,Cw-1377,Cow
7,118,0.500,PH-030,Cow(7)(39.857143),0.985,Cw-1534,Cow
7,118,0.500,PH-030,Cow(7)(39.857143),0.984,Cw-1378,Cow
7,118,0.500,PH-030,Cow(7)(39.857143),0.981,Cw-827,Cow
7,118,0.500,PH-030,Cow(7)(39.857143),0.981,Cw-1267,Cow
