needed size,max k,alpha,unknownId,classification(count)(average position),pearson,isoId,species
7,124,0.000,PH-014,Cow(6)(42.666667),0.980,Cw-1277,Cow
7,124,0.000,PH-014,Cow(6)(42.666667),0.979,Cw-1377,Cow
7,124,0.000,PH-014,Cow(6)(42.666667),0.979,Cw-1534,Cow
7,124,0.000,PH-014,Cow(6)(42.666667),0.978,Ho-023,Horse
7,124,0.000,PH-014,Cow(6)(42.666667),0.978,Cw-1278,Cow
7,124,0.000,PH-014,Cow(6)(42.666667),0.975,Cw-827,Cow
7,124,0.000,PH-014,Cow(6)(42.666667),0.975,Cw-1267,Cow
