needed size,max k,alpha,unknownId,classification(count)(average position),pearson,isoId,species
7,154,0.980,PH-018,Cow(6)(51.166667),0.995,Cw-1534,Cow
7,154,0.980,PH-018,Cow(6)(51.166667),0.993,Cw-1277,Cow
7,154,0.980,PH-018,Cow(6)(51.166667),0.991,Cw-1278,Cow
7,154,0.980,PH-018,Cow(6)(51.166667),0.990,Ho-023,Horse
7,154,0.980,PH-018,Cow(6)(51.166667),0.989,Cw-1377,Cow
7,154,0.980,PH-018,Cow(6)(51.166667),0.987,Cw-1378,Cow
7,154,0.980,PH-018,Cow(6)(51.166667),0.985,Cw-1267,Cow
