needed size,max k,alpha,unknownId,classification(count)(average position),pearson,isoId,species
8,156,0.950,PH-4,Cow(7)(37.714286),0.994,Cw-1277,Cow
8,156,0.950,PH-4,Cow(7)(37.714286),0.994,Cw-1534,Cow
8,156,0.950,PH-4,Cow(7)(37.714286),0.993,Cw-1278,Cow
8,156,0.950,PH-4,Cow(7)(37.714286),0.991,Cw-1377,Cow
8,156,0.950,PH-4,Cow(7)(37.714286),0.990,Cw-1324,Cow
8,156,0.950,PH-4,Cow(7)(37.714286),0.990,Ho-023,Horse
8,156,0.950,PH-4,Cow(7)(37.714286),0.989,Cw-1378,Cow
8,156,0.950,PH-4,Cow(7)(37.714286),0.987,Cw-827,Cow
