needed size,max k,alpha,unknownId,classification(count)(average position),pearson,isoId,species
8,140,0.000,PH-022,Cow(7)(37.571429),0.983,Cw-1277,Cow
8,140,0.000,PH-022,Cow(7)(37.571429),0.983,Cw-1534,Cow
8,140,0.000,PH-022,Cow(7)(37.571429),0.982,Cw-1377,Cow
8,140,0.000,PH-022,Cow(7)(37.571429),0.982,Ho-023,Horse
8,140,0.000,PH-022,Cow(7)(37.571429),0.982,Cw-1378,Cow
8,140,0.000,PH-022,Cow(7)(37.571429),0.981,Cw-1278,Cow
8,140,0.000,PH-022,Cow(7)(37.571429),0.978,Cw-1267,Cow
8,140,0.000,PH-022,Cow(7)(37.571429),0.978,Cw-827,Cow
