needed size,max k,alpha,unknownId,classification(count)(average position),pearson,isoId,species
8,140,0.500,PH-012,Cow(8)(64.750000),0.972,Cw-1311,Cow
8,140,0.500,PH-012,Cow(8)(64.750000),0.972,Cw-1266,Cow
8,140,0.500,PH-012,Cow(8)(64.750000),0.971,Cw-1279,Cow
8,140,0.500,PH-012,Cow(8)(64.750000),0.971,Cw-1255,Cow
8,140,0.500,PH-012,Cow(8)(64.750000),0.970,Cw-1256,Cow
8,140,0.500,PH-012,Cow(8)(64.750000),0.970,Cw-1263,Cow
8,140,0.500,PH-012,Cow(8)(64.750000),0.970,Cw-1299,Cow
8,140,0.500,PH-012,Cow(8)(64.750000),0.968,Cw-1300,Cow
